id;firstname;lastname;dob;phone;address;email;hotel;datein;dateout;comments
1;Alaska;Cotton Garden Home Loan Account;2020-04-13;453.904.1462;leading-edge;Nayeli4@yahoo.com;sky blue;2020-04-13;2020-04-13;Platinum bypass
2;Plastic Security invoice;Personal Loan Account Wyoming Shoes;2020-04-13;(171) 902-6995 x4155;Tactics;Nicolas.Durgan@yahoo.com;Mobility Savings Account;2020-04-13;2020-04-13;Paradigm United States of America Unbranded
3;Kids French Guiana;Cotton cyan;2020-04-13;671-296-5522;array Via Road;Xzavier63@hotmail.com;payment leverage;2020-04-13;2020-04-12;bypass Frozen
4;Associate;Credit Card Account;2020-04-13;(967) 202-9404;Tanzanian Shilling;Dayton.Donnelly48@hotmail.com;Switchable;2020-04-13;2020-04-13;Customer-focused Soft Awesome
5;Future Steel compressing;Cote d'Ivoire Small Wooden Salad;2020-04-13;931-500-9123 x962;Ball Ergonomic Frozen Towels haptic;Shany45@gmail.com;harness Personal Loan Account bricks-and-clicks;2020-04-13;2020-04-13;port Associate
6;Borders connecting Wooden;grey;2020-04-13;859-744-1438 x840;microchip software;Mitchel.Pfannerstill@hotmail.com;Keyboard;2020-04-13;2020-04-13;Bedfordshire deliverables
7;Intelligent Wooden Pants Representative;Computers Organized Parkway;2020-04-13;378.024.7869 x33639;Borders supply-chains;Abigale.Conn55@gmail.com;connect Fresh mindshare;2020-04-13;2020-04-13;microchip
8;open-source FTP Response;Handmade Soft Salad demand-driven Practical;2020-04-13;1-200-029-7231 x3849;Virginia redundant Yemen;Marian.Paucek52@yahoo.com;Avon Gorgeous Wooden Shirt;2020-04-13;2020-04-13;protocol neural Auto Loan Account
9;GB frame;Handmade;2020-04-13;053-557-8646;GB Soap;Wava_Predovic31@hotmail.com;Center Customer Supervisor;2020-04-13;2020-04-13;Guyana
10;Home;mobile functionalities Program;2020-04-13;1-055-852-8006;Applications;Tyler_Jerde@yahoo.com;Frozen Berkshire Soap;2020-04-13;2020-04-13;Designer
